ComputationTime,TreeSize
0.585778,11623
0.0930996,3376
3.11253,26927
64.4937,76420
10.4292,41386
0.0451444,1965
0.0195822,1128
1.59099,16933
64.8539,77298
16.8398,46269
0.16331,4221
0.123859,3582
64.3089,76637
0.553313,9001
3.08562,24640
0.044414,1837
0.0693265,2627
5.33796,34376
0.0900465,3018
0.0244166,1099
49.7504,70630
0.0290457,1312
11.7902,43224
0.0950123,3142
1.37099,15099
0.0372946,1667
0.288513,6060
66.5495,77593
2.13019,19838
25.4632,55983
