ComputationTime,TreeSize
0.000496875,197
0.000556959,210
0.000775167,208
0.000616042,160
0.000384,163
0.000344125,153
0.000309333,141
0.000456709,203
0.000392458,168
0.000296917,135
0.000357542,109
0.000856041,223
0.000730292,191
0.000859583,219
0.000638875,168
0.000633208,169
0.00131875,331
0.000496042,126
0.000478625,147
0.000648167,183
0.000596958,175
0.000597834,166
0.000607041,174
0.000495334,151
0.000937375,260
0.000723667,192
0.0006585,184
0.000498667,145
0.0003855,114
0.000548666,162
