ComputationTime,TreeSize
33.2571,71435
9.71885,43848
36.9324,74762
0.342747,6475
0.194143,4560
2.77449,23524
33.2749,72022
1.1373,13919
36.063,74288
34.0635,72271
38.051,75324
0.0609695,1807
6.97829,37661
29.5363,68832
1.16149,14387
34.2728,72528
0.592186,9587
0.0685764,2109
1.55952,17245
0.116761,2939
2.61149,22680
35.2465,72807
35.1966,72814
2.59314,22798
0.235123,4237
19.4268,59264
30.8502,69842
0.0933341,2933
0.716999,10720
37.126,74671
