ComputationTime,TreeSize
31.345,62642
27.7123,59555
3.46249,20227
28.5733,59663
1.55764,12166
5.60945,27145
31.9114,62124
30.3405,59870
28.8763,58937
1.63353,12158
4.5997,23629
0.484077,5877
32.1247,62386
4.42074,22971
31.3854,61696
31.2455,61492
26.0938,57141
33.1138,62349
32.1457,61630
0.234696,3104
35.3483,63802
29.5305,56861
33.047,61249
28.3509,57626
32.6241,60526
30.652,60259
0.161802,2803
31.7987,61930
30.6716,61626
1.37751,11632
