ComputationTime,TreeSize
0.01183,1081
0.0450512,2642
0.00227617,358
0.00566533,675
0.0339278,2143
0.00868979,993
0.00255571,405
0.00217854,326
0.00383775,550
0.00248871,373
0.0161641,1409
0.00819733,916
0.00342408,530
0.0441417,2600
0.00405925,575
0.00219162,363
0.00598679,666
0.00280579,375
0.0128124,1104
0.00251138,401
0.00314817,522
0.00958546,1074
0.01065,1146
0.00636163,765
0.0052295,694
0.0103618,1020
0.00241358,356
0.00243792,419
0.00825713,920
0.00733588,812
