ComputationTime,TreeSize
0.00308175,484
0.0122641,1377
0.00111125,235
0.00275708,566
0.00527387,895
0.00143408,280
0.00322904,624
0.00140512,305
0.00135971,302
0.00182987,431
0.00194112,463
0.00158971,349
0.00644142,1058
0.00221967,524
0.0022325,505
0.00201233,510
0.00119388,322
0.000897917,230
0.00139754,357
0.00215208,495
0.00236121,579
0.00242971,518
0.00127183,327
0.00137063,342
0.00223829,540
0.00234304,565
0.00121242,303
0.00344492,732
0.00236792,511
0.00404983,790
